title,link,src
Báo VnExpress - Báo tiếng Việt nhiều người xem nhất,/,https://s1.vnecdn.net/vnexpress/restruct/i/v9732/v2_2019/pc/graphics/logo_tagline.svg
,/myvne,https://s1.vnecdn.net/vnexpress/restruct/c/v3670/v2_2019/pc/images/graphics/menu-myvne.svg
Chính phủ Mỹ mở cửa trở lại,https://vnexpress.net/chinh-phu-my-mo-cua-tro-lai-4963330.html,https://i1-vnexpress.vnecdn.net/2025/11/13/quo-c-ho-i-my-jpeg-1762997741-9814-6900-1762997799.jpg?w=680&h=408&q=100&dpr=1&fit=crop&s=1n5AISryOp-6lKy_mmgLIg
Đề xuất trợ cấp 12 tháng lương cho viên chức mất việc do sắp xếp,https://vnexpress.net/de-xuat-tro-cap-12-thang-luong-cho-vien-chuc-mat-viec-do-sap-xep-4963363.html,https://i1-vnexpress.vnecdn.net/2025/11/13/202511130851482845-z7218323914-5155-6459-1763002677.jpg?w=300&h=180&q=100&dpr=1&fit=crop&s=MRBESfBYX1RDNJ5LRlCHmw
"Nhiều bài thi IELTS bị chấm lại, sửa điểm",https://vnexpress.net/nhieu-bai-thi-ielts-bi-cham-lai-sua-diem-4963415.html,https://i1-vnexpress.vnecdn.net/2025/11/13/a9f56f45-622b-4c16-8c28-c933a0-7327-7454-1763004577.jpg?w=300&h=180&q=100&dpr=1&fit=crop&s=ZUHUHAT0bVFaJkRkAMA1hA
Trương Trí Vĩnh,https://vnexpress.net/tac-gia/truong-tri-vinh-1557.html,https://i1-vnexpress.vnecdn.net/2025/11/12/bmpng-1762965499.png?w=100&h=100&q=100&dpr=1&fit=crop&s=FbqiD1XncECp05TwSnU8Yw
Quốc hội giao mục tiêu GDP 2026 tăng từ 10%,https://vnexpress.net/quoc-hoi-giao-muc-tieu-gdp-2026-tang-tu-10-4963325.html,https://i1-kinhdoanh.vnecdn.net/2025/11/13/NQktxh-1763001214-2403-1763001283.jpg?w=220&h=132&q=100&dpr=1&fit=crop&s=BDC9u7Zx5g_-FQIn_xXmOQ
50 giờ sinh tử trên biển,https://vnexpress.net/50-gio-sinh-tu-tren-bien-4963130.html,"data:image/gif;base64,R0lGODlhAQABAAAAACH5BAEKAAEALAAAAAABAAEAAAICTAEAOw=="
Quốc hội yêu cầu đánh giá công chức theo KPI,https://vnexpress.net/quoc-hoi-yeu-cau-danh-gia-cong-chuc-theo-kpi-4963327.html,"data:image/gif;base64,R0lGODlhAQABAAAAACH5BAEKAAEALAAAAAABAAEAAAICTAEAOw=="
"Campuchia, Thái Lan tranh cãi về nguyên nhân vụ đấu súng ở biên giới",https://vnexpress.net/campuchia-thai-lan-tranh-cai-ve-nguyen-nhan-vu-dau-sung-o-bien-gioi-4963359.html,"data:image/gif;base64,R0lGODlhAQABAAAAACH5BAEKAAEALAAAAAABAAEAAAICTAEAOw=="
Góp ý văn kiện Đại hội Đảng lần thứ 14,/topic/gop-y-van-kien-dai-hoi-14-28310,https://s1.vnecdn.net/vnexpress/restruct/i/v9732/banner/banner_gopyvankien.png
Cuộc đời mới của cô gái 'bỗng dưng mất hết tay chân',https://vnexpress.net/cuoc-doi-moi-cua-co-gai-bong-dung-mat-het-tay-chan-4961792.html,"data:image/gif;base64,R0lGODlhAQABAAAAACH5BAEKAAEALAAAAAABAAEAAAICTAEAOw=="
Truyền thông Trung Quốc: 'Trọng tài thiên vị vẫn không thắng được Việt Nam',https://vnexpress.net/truyen-thong-trung-quoc-trong-tai-thien-vi-van-khong-thang-duoc-viet-nam-4963252.html,"data:image/gif;base64,R0lGODlhAQABAAAAACH5BAEKAAEALAAAAAABAAEAAAICTAEAOw=="
Thái Lan dẫn độ trùm lừa đảo Trung Quốc về nước,https://vnexpress.net/thai-lan-dan-do-trum-lua-dao-trung-quoc-ve-nuoc-4963294.html,"data:image/gif;base64,R0lGODlhAQABAAAAACH5BAEKAAEALAAAAAABAAEAAAICTAEAOw=="
HLV U22 Trung Quốc: 'Việt Nam may mắn hơn',https://vnexpress.net/hlv-u22-trung-quoc-viet-nam-may-man-hon-4963279.html,"data:image/gif;base64,R0lGODlhAQABAAAAACH5BAEKAAEALAAAAAABAAEAAAICTAEAOw=="
"Động đất 4,8 độ tại Lào, nhiều nơi ở Hà Nội cảm nhận rung lắc",https://vnexpress.net/dong-dat-4-8-do-tai-lao-nhieu-noi-o-ha-noi-cam-nhan-rung-lac-4963270.html,"data:image/gif;base64,R0lGODlhAQABAAAAACH5BAEKAAEALAAAAAABAAEAAAICTAEAOw=="
70 bệnh nhân ở Quảng Trị nhiễm khuẩn sau phẫu thuật nội soi,https://vnexpress.net/70-benh-nhan-o-quang-tri-nhiem-khuan-sau-phau-thuat-noi-soi-4963364.html,"data:image/gif;base64,R0lGODlhAQABAAAAACH5BAEKAAEALAAAAAABAAEAAAICTAEAOw=="
Hành trình khổ luyện của thủ khoa Đặc công nước,https://vnexpress.net/hanh-trinh-kho-luyen-cua-thu-khoa-dac-cong-nuoc-4962565.html,"data:image/gif;base64,R0lGODlhAQABAAAAACH5BAEKAAEALAAAAAABAAEAAAICTAEAOw=="
"Giá vàng thế giới, chứng khoán Mỹ tăng vọt",https://vnexpress.net/gia-vang-the-gioi-chung-khoan-my-tang-vot-4963296.html,"data:image/gif;base64,R0lGODlhAQABAAAAACH5BAEKAAEALAAAAAABAAEAAAICTAEAOw=="
Ông Trump đề nghị Tổng thống Israel ân xá Thủ tướng Netanyahu,https://vnexpress.net/ong-trump-de-nghi-tong-thong-israel-an-xa-thu-tuong-netanyahu-4963293.html,"data:image/gif;base64,R0lGODlhAQABAAAAACH5BAEKAAEALAAAAAABAAEAAAICTAEAOw=="
Lãi tiền tỷ sau một năm đầu tư căn hộ,https://vnexpress.net/lai-tien-ty-sau-mot-nam-dau-tu-can-ho-4962155.html,"data:image/gif;base64,R0lGODlhAQABAAAAACH5BAEKAAEALAAAAAABAAEAAAICTAEAOw=="
Ronaldo: 'Ghi bàn thứ 1.000 ở chung kết World Cup sẽ quá hoàn hảo',https://vnexpress.net/ronaldo-ghi-ban-thu-1-000-o-chung-ket-world-cup-se-qua-hoan-hao-4963287.html,"data:image/gif;base64,R0lGODlhAQABAAAAACH5BAEKAAEALAAAAAABAAEAAAICTAEAOw=="
Chủ tịch Barca: 'Messi trở lại là điều không thực tế',https://vnexpress.net/chu-tich-barca-messi-tro-lai-la-dieu-khong-thuc-te-4963284.html,"data:image/gif;base64,R0lGODlhAQABAAAAACH5BAEKAAEALAAAAAABAAEAAAICTAEAOw=="
TP HCM làm hai đường gom giảm ùn tắc khu vực cầu Kênh Tẻ,https://vnexpress.net/tp-hcm-lam-hai-duong-gom-giam-un-tac-khu-vuc-cau-kenh-te-4963053.html,"data:image/gif;base64,R0lGODlhAQABAAAAACH5BAEKAAEALAAAAAABAAEAAAICTAEAOw=="
Thách thức với ông Trump khi chính phủ mở cửa trở lại,https://vnexpress.net/thach-thuc-voi-ong-trump-khi-chinh-phu-mo-cua-tro-lai-4962841.html,"data:image/gif;base64,R0lGODlhAQABAAAAACH5BAEKAAEALAAAAAABAAEAAAICTAEAOw=="
Giá rét tràn xuống miền nam nước Mỹ vào mùa thu,https://vnexpress.net/gia-ret-tran-xuong-mien-nam-nuoc-my-vao-mua-thu-4963115.html,"data:image/gif;base64,R0lGODlhAQABAAAAACH5BAEKAAEALAAAAAABAAEAAAICTAEAOw=="
"Cách Hàn Quốc, Nhật Bản 'đóng gói' mùa thu thành thương hiệu du lịch tỷ USD",https://vnexpress.net/cach-han-quoc-nhat-ban-dong-goi-mua-thu-thanh-thuong-hieu-du-lich-ty-usd-4962596.html,"data:image/gif;base64,R0lGODlhAQABAAAAACH5BAEKAAEALAAAAAABAAEAAAICTAEAOw=="
Quang Liêm tiết lộ chiến thuật quyết định ở World Cup cờ vua,https://vnexpress.net/quang-liem-tiet-lo-chien-thuat-quyet-dinh-o-world-cup-co-vua-4963281.html,"data:image/gif;base64,R0lGODlhAQABAAAAACH5BAEKAAEALAAAAAABAAEAAAICTAEAOw=="
Cứu 8 ngư dân gặp nạn gần cửa biển Nhật Lệ,https://vnexpress.net/cuu-8-ngu-dan-gap-nan-gan-cua-bien-nhat-le-4963256.html,"data:image/gif;base64,R0lGODlhAQABAAAAACH5BAEKAAEALAAAAAABAAEAAAICTAEAOw=="
Dàn sao dự tiệc cưới Hoa hậu Đỗ Thị Hà,https://vnexpress.net/dan-sao-du-tiec-cuoi-hoa-hau-do-thi-ha-4961895.html,"data:image/gif;base64,R0lGODlhAQABAAAAACH5BAEKAAEALAAAAAABAAEAAAICTAEAOw=="
Người đàn ông giúp du khách Hàn Quốc tìm mẹ,https://vnexpress.net/nguoi-dan-ong-giup-du-khach-han-quoc-tim-me-4961842.html,"data:image/gif;base64,R0lGODlhAQABAAAAACH5BAEKAAEALAAAAAABAAEAAAICTAEAOw=="
Khác biệt giữa hai robot hình người hàng đầu của Mỹ,https://vnexpress.net/khac-biet-giua-hai-robot-hinh-nguoi-hang-dau-cua-my-4961880.html,"data:image/gif;base64,R0lGODlhAQABAAAAACH5BAEKAAEALAAAAAABAAEAAAICTAEAOw=="
